# pagina 10, tabella 1: Modello | Manovre compatibili
,,,,,
,Modello,,,Manovre compatibili,
,,,,,
,,,,,
,Martello da guerra,,,Stordire,
,,,,,
,,,,,
,Martello a due mani,,,"Spazzata, Stordire",
,,,,,
,,,,,
,Randello,,,Stordire,
,,,,,
,,,,,
,Mazza ferrata,,,Stordire,
,,,,,
,,,,,
,Tonfa,,,Stordire,
,,,,,
,,,,,
,Baionetta montata,,,Affondo,
,,,,,
,,,,,
,Lancia,,,Affondo,
,,,,,
,,,,,
,Picca,,,Affondo,
,,,,,
,,,,,
,Tridente,,,Affondo,
,,,,,
,,,,,
,Arma inastata pesante,,,"Affondo, Spazzata",
,,,,,
,,,,,
,Frusta,,,—,
,,,,,
,,,,,
,Mazzafrusto,,,Spazzata,
,,,,,
,,,,,
,Artigli,,,Affondo,
,,,,,
,,,,,
,Tirapugni,,,Stordire,
,,,,,
,,,,,
,Tirapugni chiodato,,,Stordire,
,,,,,
,,,,,
,Tirapugni concussivo,,,Stordire,
,,,,,
