# pagina 36, tabella 3: Modello | Danno | AC | VA | FOR | Max Q | CC | INC
,,,,,,,,,,,,,,,,,,,,,,,,,,,,,
,Modello,,,Danno,,,,,,,,,AC,,,VA,FOR,,,Max Q,,,,,CC,,,INC,
,,,,,,,,,,,,,,,,,,,,,,,,,,,,,
,,,,,,,,,,,,,,,,,,,,,,,,,,,,,
,Granata a frammentazione,,,1d6+1,,,,,,,,,1d3,,,0,3,,,FOR × 3,,,,,1,,,8,
,,,,,,,,,,,,,,,,,,,,,,,,,,,,,
,,,,,,,,,,,,,,,,,,,,,,,,,,,,,
,Modello,,,Abilità,,,,,,Mani,,,,,PI,,MOV,,,,,Modalità,,,,,,,
,,,,,,,,,,,,,,,,,,,,,,,,,,,,,
,,,,,,,,,,,,,,,,,,,,,,,,,,,,,
,Granata a frammentazione,,,Lancio,,,,,,1,,,,,4,,0,,,,,S,,,,,,,
,,,,,,,,,,,,,,,,,,,,,,,,,,,,,
,,,,,,,,,,,,,,,,,,,,,,,,,,,,,
,Modello,,,,,,Qualità,,,,,,,,,PS INT,,,REP,,,,,,Costo proposto,,,,
,,,,,,,,,,,,,,,,,,,,,,,,,,,,,
,,,,,,,,,,,,,,,,,,,,,,,,,,,,,
,Granata a frammentazione,,,,,,Comune,,,,,,,,,10,,,NC,,,,,,80,,,,
,,,,,,,,,,,,,,,,,,,,,,,,,,,,,
