# pagina 116, tabella 1: Catalogo | Lanciatori e moduli standard
,,,,,
,Catalogo,,,Lanciatori e moduli standard,
,,,,,
,,,,,
,Commerciale,,,Lanciagranate commerciale,
,,,,,
,,,,,
,Alleanza,,,Lanciagranate dell’Alleanza; modulo della Carabina Punisher,
,,,,,
,,,,,
,Bauhaus,,,Moduli MP105GW e Panzerknacker,
,,,,,
,,,,,
,Capitol,,,"Moduli Bolter 20, Ironfist 15, CAR 24 e M50",
,,,,,
,,,,,
,Cybertronic,,,Moduli CAW2000 e AR3000,
,,,,,
,,,,,
,Fratellanza,,,Moduli Nemesis 221 e Volcano,
,,,,,
,,,,,
,Imperial,,,Howler; moduli Interceptor e Invader,
,,,,,
,,,,,
,Mishima,,,Moduli Windrider N4 e Shogun,
,,,,,
