# pagina 30, tabella 1: Modelli o condizione | Ravvicinata | A distanza
,,,,,,,,
,Modelli o condizione,,,Ravvicinata,,,A distanza,
,,,,,,,,
,,,,,,,,
,Commerciali,,,0,,,−4 VA,
,,,,,,,,
,,,,,,,,
,BLEU e CSS,,,+1 VA contro Corpo a corpo; altrimenti 0,,,−4 VA,
,,,,,,,,
,,,,,,,,
,"Blitzer, Clan, Samurai e Pellegrino",,,+1 VA,,,−4 VA,
,,,,,,,,
,,,,,,,,
,Guardie Ducali e Young Guard,,,+1 VA,,,−4 VA,
,,,,,,,,
,,,,,,,,
,Dragoni e Free Marines,,,0,,,−4 VA,
,,,,,,,,
,,,,,,,,
,Compatto ASA aperto,,,0,,,−4 VA,
,,,,,,,,
,,,,,,,,
,Punisher,,,+1 VA,,,−3 VA,
,,,,,,,,
,,,,,,,,
,"Bastion, Hatamoto e Sacri Guerrieri",,,0,,,−4 VA,
,,,,,,,,
,,,,,,,,
,Alpha e Sentinella,,,0,,,−3 VA,
,,,,,,,,
,,,,,,,,
,Sicurezza Cybertronic con SIN 1,,,+1 VA,,,−3 VA,
,,,,,,,,
,,,,,,,,
,Chasseur con SIN 2,,,+2 VA,,,−2 VA,
,,,,,,,,
,,,,,,,,
,Reaver con SIN 1,,,+1 VA,,,−3 VA,
,,,,,,,,
,,,,,,,,
,Scudi Cybertronic senza SIN,,,0,,,−4 VA,
,,,,,,,,
,,,,,,,,
,Trencher e Ashigaru,,,0,,,−4 VA,
,,,,,,,,
,,,,,,,,
,Guardie Sacre a riposo,,,0,,,−4 VA,
,,,,,,,,
,,,,,,,,
,Guardie Sacre con Scudo Magico,,,+2 VA,,,−3 VA,
,,,,,,,,
