# pagina 12, tabella 3: Modello | Abilità | Mani | Danno base | Q | FOR | PI
,,,,,,,,,,,,,,,,,,,
,Modello,,,Abilità,,,Mani,,,Danno base,,,Q,,,FOR,,PI,
,,,,,,,,,,,,,,,,,,,
,,,,,,,,,,,,,,,,,,,
,Artigli elettrificati,,,Mischia,,,1,,,1d4+1,,,1,,,3,,4,
,,,,,,,,,,,,,,,,,,,
,,,,,,,,,,,,,,,,,,,
,Baionetta elettrificata,,,Guerra,,,2,,,1d4+1,,,1,,,6,,4,
,,,,,,,,,,,,,,,,,,,
,,,,,,,,,,,,,,,,,,,
,Elettrosega CSB600,,,Guerra,,,1,,,1d6,,,1,,,4,,5,
,,,,,,,,,,,,,,,,,,,
,,,,,,,,,,,,,,,,,,,
,Frusta elettrificata,,,Mischia,,,1,,,1d4+1,,,3,,,4,,4,
,,,,,,,,,,,,,,,,,,,
,,,,,,,,,,,,,,,,,,,
,Manganello elettrificato,,,Mischia,,,1,,,1d6+1,,,1,,,3,,5,
,,,,,,,,,,,,,,,,,,,
,,,,,,,,,,,,,,,,,,,
,Spada elettrificata CSA 404,,,Mischia,,,1,,,1d6+1,,,1,,,3,,5,
,,,,,,,,,,,,,,,,,,,
,,,,,,,,,,,,,,,,,,,
,Tirapugni elettrificato,,,Corpo,,,1,,,1,,,1,,,2,,4,
,,,,,,,,,,,,,,,,,,,
