# pagina 107, tabella 1: AR | Magica | FOR | PV mecc. | PI | Qualità | PS INT | REP | Costo
,,,,,,,,,,,,,,,,,,,,,,,,,,,,,
,AR,,,Magica,,,FOR,,,PV mecc.,,,PI,,,Qualità,,,PS INT,,,REP,,,Costo,,,,
,,,,,,,,,,,,,,,,,,,,,,,,,,,,,
,,,,,,,,,,,,,,,,,,,,,,,,,,,,,
,6,,,0,,,8,,,30,,,16,,,Rara,,,14,,,MR,,,75.000,,,,
,,,,,,,,,,,,,,,,,,,,,,,,,,,,,
,,,,,,,,,,,,,,,,,,,,,,,,,,,,,
,Abilità,,,,,,,,,,,,,,,,,,,,,,,,,,,VA,
,,,,,,,,,,,,,,,,,,,,,,,,,,,,,
,,,,,,,,,,,,,,,,,,,,,,,,,,,,,
,Armi leggere / medie / pesanti,,,,,,,,,,,,,,,,,,,,,,,,,,,10,
,,,,,,,,,,,,,,,,,,,,,,,,,,,,,
,,,,,,,,,,,,,,,,,,,,,,,,,,,,,
,Armi da Lancio,,,,,,,,,,,,,,,,,,,,,,,,,,,8,
,,,,,,,,,,,,,,,,,,,,,,,,,,,,,
,,,,,,,,,,,,,,,,,,,,,,,,,,,,,
,Corpo a corpo,,,,,,,,,,,,,,,,,,,,,,,,,,,8,
,,,,,,,,,,,,,,,,,,,,,,,,,,,,,
,,,,,,,,,,,,,,,,,,,,,,,,,,,,,
,Difese,,,,,,,,,,,,,,,,,,,,,,,,,,,6,
,,,,,,,,,,,,,,,,,,,,,,,,,,,,,
,,,,,,,,,,,,,,,,,,,,,,,,,,,,,
,Atletica,,,,,,,,,,,,,,,,,,,,,,,,,,,8,
,,,,,,,,,,,,,,,,,,,,,,,,,,,,,
,,,,,,,,,,,,,,,,,,,,,,,,,,,,,
,Percezione,,,,,,,,,,,,,,,,,,,,,,,,,,,8,
,,,,,,,,,,,,,,,,,,,,,,,,,,,,,
,,,,,,,,,,,,,,,,,,,,,,,,,,,,,
,Furtività,,,,,,,,,,,,,,,,,,,,,,,,,,,4,
,,,,,,,,,,,,,,,,,,,,,,,,,,,,,
