Catalogo e modello,Taglia,AR,FOR,PI,MOV,Qualità,PS INT,REP,Costo
Commerciale — Scudo piccolo,Piccolo,+1,3,4,—,Comune,10,CO,500
Commerciale — Scudo medio,Medio,+2,5,6,—,Comune,10,NC,1.500
Commerciale — Scudo enorme,Enorme,+3,7,8,−1 Q,Comune,10,RA,3.000
Bauhaus — Scudo d’ordinanza BLEU,Medio,+2,5,6,—,Non comune,12,NC,2.500
Bauhaus — Scudo d’assalto Blitzer,Piccolo,+1,3,6,—,Non comune,12,RA,2.500
Bauhaus — Scudo da breccia dei Dragoni,Enorme,+3,7,10,−1 Q,Non comune,12,RA,5.500
Bauhaus — Scudo delle Guardie Ducali,Medio,+2,5,8,—,Rara,14,RA,4.500
Alleanza — Scudo compatto ASA,Piccolo,+1,3,4,—,Non comune,12,RA,2.500
Alleanza — Scudo Punisher,Medio,+2,5,8,—,Rara,14,MR,6.000
Alleanza — Scudo da sfondamento Bastion,Enorme,+3,7,10,−1 Q,Rara,14,MR,7.000
Capitol — Scudo antisommossa CSS,Medio,+2,5,6,—,Comune,10,NC,2.000
Capitol — Scudo tattico Alpha,Medio,+2,5,6,—,Non comune,12,RA,3.500
Capitol — Scudo da breccia Free Marines,Enorme,+3,7,10,−1 Q,Non comune,12,RA,5.500
Cybertronic — Scudo della Sicurezza,Medio,+2,5,6,—,Non comune,12,NC,3.000
Cybertronic — Scudo d’assalto Chasseur,Medio,+2,5,8,—,Rara,14,RA,5.500
Cybertronic — Scudo pesante Reaver,Enorme,+3,7,10,−1 Q,Rara,14,MR,8.000
Imperial — Scudo da trincea Trencher,Enorme,+3,7,10,−1 Q,Non comune,12,NC,4.500
Imperial — Scudo d’assalto dei Clan,Piccolo,+1,3,6,—,Non comune,12,NC,2.500
Imperial — Scudo della Young Guard,Medio,+2,5,8,—,Rara,14,RA,4.500
Mishima — Scudo da campo Ashigaru,Medio,+2,5,6,—,Comune,10,NC,1.800
Mishima — Scudo da duello Samurai,Piccolo,+1,3,6,—,Non comune,12,RA,2.500
Mishima — Scudo pesante Hatamoto,Enorme,+3,7,10,−1 Q,Rara,14,RA,6.500
Fratellanza — Scudo del Pellegrino,Piccolo,+1,3,6,—,Non comune,12,RA,2.500
Fratellanza — Scudo della Sentinella,Medio,+2,5,6,—,Rara,14,RA,4.000
Fratellanza — Scudo dei Sacri Guerrieri,Enorme,+3,7,10,−1 Q,Rara,14,MR,7.000
Fratellanza — Scudo delle Guardie Sacre,Medio,+2,5,6,—,Rara,14,MR,18.000
