# pagina 22, tabella 1: Voce | Regola
,,,,,
,Voce,,,Regola,
,,,,,
,,,,,
,Autonomia,,,24 ore di utilizzo effettivo per batteria,
,,,,,
,,,,,
,Ricarica completa,,,4 ore,
,,,,,
,,,,,
Collegamento,,,,"Cavo standard, equivalente a USB, con alimentatore, presa del veicolo o fonte",
,,,,mobile compatibile,
,,,,,
,,,,,
,Batteria carica di ricambio,,,Costo 10; Reperibilità Comune,
,,,,,
,,,,,
,Sostituzione,,,"1 AzP, senza Prova, con batteria pronta",
,,,,,
,,,,,
,Dotazione inclusa nell’accessorio,,,"Batteria carica, cavo e alimentatore",
,,,,,
