# pagina 6, tabella 2: Modello | FOR | PI | Qualità | PS INT | REP | Costo
,,,,,,,,,,,,,,,,,,,
Modello,,,FOR,,,PI,,Qualità,,,PS INT,,,REP,,,,Costo,
,,,,,,,,,,,,,,,,,,proposto,
,,,,,,,,,,,,,,,,,,,
,,,,,,,,,,,,,,,,,,,
,Coltello,,,2,,,4,,Comune,,,10,,,CO,,,80,
,,,,,,,,,,,,,,,,,,,
,,,,,,,,,,,,,,,,,,,
,Pugnale,,,2,,,4,,Comune,,,10,,,CO,,,150,
,,,,,,,,,,,,,,,,,,,
,,,,,,,,,,,,,,,,,,,
,Daga,,,3,,,4,,Comune,,,10,,,NC,,,220,
,,,,,,,,,,,,,,,,,,,
,,,,,,,,,,,,,,,,,,,
,Pugnale da combattimento,,,3,,,4,,Comune,,,10,,,NC,,,300,
,,,,,,,,,,,,,,,,,,,
,,,,,,,,,,,,,,,,,,,
,Spada leggera,,,3,,,5,,Comune,,,10,,,NC,,,350,
,,,,,,,,,,,,,,,,,,,
,,,,,,,,,,,,,,,,,,,
,Stocco,,,3,,,5,,Comune,,,10,,,NC,,,450,
,,,,,,,,,,,,,,,,,,,
,,,,,,,,,,,,,,,,,,,
,Spada lunga,,,4,,,5,,Comune,,,10,,,NC,,,500,
,,,,,,,,,,,,,,,,,,,
,,,,,,,,,,,,,,,,,,,
,Spada bastarda,,,5,,,6,,Comune,,,10,,,NC,,,700,
,,,,,,,,,,,,,,,,,,,
,,,,,,,,,,,,,,,,,,,
,Spadone,,,6,,,6,,Comune,,,10,,,NC,,,850,
,,,,,,,,,,,,,,,,,,,
,,,,,,,,,,,,,,,,,,,
,Ascia leggera,,,4,,,5,,Comune,,,10,,,CO,,,180,
,,,,,,,,,,,,,,,,,,,
,,,,,,,,,,,,,,,,,,,
,Ascia bipenne,,,7,,,6,,Comune,,,10,,,NC,,,500,
,,,,,,,,,,,,,,,,,,,
,,,,,,,,,,,,,,,,,,,
,Martello,,,4,,,5,,Comune,,,10,,,CO,,,80,
,,,,,,,,,,,,,,,,,,,
,,,,,,,,,,,,,,,,,,,
,Martello da guerra,,,5,,,5,,Comune,,,10,,,NC,,,280,
,,,,,,,,,,,,,,,,,,,
,,,,,,,,,,,,,,,,,,,
,Martello a due mani,,,6,,,6,,Comune,,,10,,,CO,,,180,
,,,,,,,,,,,,,,,,,,,
,,,,,,,,,,,,,,,,,,,
,Randello,,,3,,,5,,Comune,,,10,,,CO,,,40,
,,,,,,,,,,,,,,,,,,,
,,,,,,,,,,,,,,,,,,,
,Mazza ferrata,,,4,,,5,,Comune,,,10,,,NC,,,160,
,,,,,,,,,,,,,,,,,,,
,,,,,,,,,,,,,,,,,,,
,Tonfa,,,3,,,4,,Comune,,,10,,,NC,,,90,
,,,,,,,,,,,,,,,,,,,
,,,,,,,,,,,,,,,,,,,
,Baionetta montata,,,6,,,4,,Comune,,,10,,,NC,,,180,
,,,,,,,,,,,,,,,,,,,
,,,,,,,,,,,,,,,,,,,
,Lancia,,,5,,,6,,Comune,,,10,,,CO,,,220,
,,,,,,,,,,,,,,,,,,,
,,,,,,,,,,,,,,,,,,,
,Picca,,,6,,,6,,Comune,,,10,,,NC,,,250,
,,,,,,,,,,,,,,,,,,,
,,,,,,,,,,,,,,,,,,,
,Tridente,,,4,,,6,,Comune,,,10,,,NC,,,320,
,,,,,,,,,,,,,,,,,,,
,,,,,,,,,,,,,,,,,,,
,Arma inastata pesante,,,7,,,6,,Comune,,,10,,,NC,,,450,
,,,,,,,,,,,,,,,,,,,
,,,,,,,,,,,,,,,,,,,
,Frusta,,,4,,,4,,Comune,,,10,,,CO,,,100,
,,,,,,,,,,,,,,,,,,,
,,,,,,,,,,,,,,,,,,,
,Mazzafrusto,,,4,,,5,,Comune,,,10,,,NC,,,350,
,,,,,,,,,,,,,,,,,,,
,,,,,,,,,,,,,,,,,,,
,Artigli,,,3,,,4,,Comune,,,10,,,NC,,,250,
,,,,,,,,,,,,,,,,,,,
,,,,,,,,,,,,,,,,,,,
,Tirapugni,,,2,,,4,,Comune,,,10,,,CO,,,35,
,,,,,,,,,,,,,,,,,,,
