# pagina 109, tabella 1: Kit | VA | Usi | Successo | Magistrale
,,,,,,,,,,
Kit,,VA,,Usi,Successo,,,Magistrale,,
,,strumenti,,,,,,,,
,,,,,,,,,,
,,,,,,,,,,
Improvvisato,−2,,,1,,Sospende il Sanguinamento,,Arresta il Sanguinamento,,
,,,,,,per 10 Round,,,,
,,,,,,,,,,
,,,,,,,,,,
Standard,0,,,5,Arresta il Sanguinamento,,,,Arresta il Sanguinamento e,
,,,,,,,,,recupera 1d4 PV,
,,,,,,,,,,
,,,,,,,,,,
Professionale / Kit trauma,+2,,,5,Arresta il Sanguinamento e recupera 1d4 PV,,,,Arresta il Sanguinamento e,
,,,,,,,,,recupera il doppio del risultato di,
,,,,,,,,,1d4 PV,
,,,,,,,,,,
