# pagina 57, tabella 3: Modello o insieme | Costo di
,,,,,
Modello o insieme,,,,Costo di,
,,,,riferimento,
,,,,,
,,,,,
,HG10,,,1.400,
,,,,,
,,,,,
,HG12,,,2.350,
,,,,,
,,,,,
,Equalizer,,,3.650,
,,,,,
,,,,,
,MP105,,,5.750,
,,,,,
,,,,,
,SA30 a dardi,,,2.600,
,,,,,
,,,,,
,HD14M,,,1.700,
,,,,,
,,,,,
,HG14,,,2.200,
,,,,,
,,,,,
,MP105GW con modulo,,,7.000,
,,,,,
,,,,,
,Panzerknacker con modulo,,,9.500,
,,,,,
,,,,,
,PSG99,,,10.500,
,,,,,
,,,,,
,SA50F a dardi,,,5.500,
,,,,,
,,,,,
,MG40,,,25.000,
,,,,,
,,,,,
,MG80,,,48.000,
,,,,,
,,,,,
,ARG17,,,36.000,
,,,,,
