# pagina 41, tabella 2: Modello | Danno | AC | VA | FOR | Max Q | CC | INC
,,,,,,,,,,,,,,,,,,,,,,,,,,,,,
,Modello,,,Danno,,,,,,,,,AC,,,VA,FOR,,,Max Q,,,,,CC,,,INC,
,,,,,,,,,,,,,,,,,,,,,,,,,,,,,
,,,,,,,,,,,,,,,,,,,,,,,,,,,,,
,MG40,,,1d8+3,,,,,,,,,1,,,0,6,,,450,,,,,300,,,9,
,,,,,,,,,,,,,,,,,,,,,,,,,,,,,
,,,,,,,,,,,,,,,,,,,,,,,,,,,,,
,MG80,,,1d10+4,,,,,,,,,1,,,0,7,,,650,,,,,750,,,8,
,,,,,,,,,,,,,,,,,,,,,,,,,,,,,
,,,,,,,,,,,,,,,,,,,,,,,,,,,,,
,ARG17,,,Munizione,,,,,,,,,Mun.,,,0,7,,,150,,,,,10,,,8,
,,,,,,,,,,,,,,,,,,,,,,,,,,,,,
,,,,,,,,,,,,,,,,,,,,,,,,,,,,,
,Modello,,,Abilità,,,,,,Mani,,,,,PI,,MOV,,,,,Modalità,,,,,,,
,,,,,,,,,,,,,,,,,,,,,,,,,,,,,
,,,,,,,,,,,,,,,,,,,,,,,,,,,,,
,MG40,,,Pesanti,,,,,,2,,,,,9,,-1,,,,,RM RL FS,,,,,,,
,,,,,,,,,,,,,,,,,,,,,,,,,,,,,
,,,,,,,,,,,,,,,,,,,,,,,,,,,,,
,MG80,,,Pesanti,,,,,,2,,,,,9,,-2,,,,,RM RL FS,,,,,,,
,,,,,,,,,,,,,,,,,,,,,,,,,,,,,
,,,,,,,,,,,,,,,,,,,,,,,,,,,,,
,ARG17,,,Pesanti,,,,,,2,,,,,9,,-1,,,,,S TR,,,,,,,
,,,,,,,,,,,,,,,,,,,,,,,,,,,,,
,,,,,,,,,,,,,,,,,,,,,,,,,,,,,
,Modello,,,,,,Qualità,,,,,,,,,PS INT,,,REP,,,,,,Costo proposto,,,,
,,,,,,,,,,,,,,,,,,,,,,,,,,,,,
,,,,,,,,,,,,,,,,,,,,,,,,,,,,,
,MG40,,,,,,Non comune,,,,,,,,,12,,,RA,,,,,,25.000,,,,
,,,,,,,,,,,,,,,,,,,,,,,,,,,,,
,,,,,,,,,,,,,,,,,,,,,,,,,,,,,
,MG80,,,,,,Non comune,,,,,,,,,12,,,MR,,,,,,48.000,,,,
,,,,,,,,,,,,,,,,,,,,,,,,,,,,,
,,,,,,,,,,,,,,,,,,,,,,,,,,,,,
,ARG17,,,,,,Non comune,,,,,,,,,12,,,MR,,,,,,36.000,,,,
,,,,,,,,,,,,,,,,,,,,,,,,,,,,,
