# pagina 75, tabella 1: Voce | Regola
,,,,,
,Voce,,,Regola,
,,,,,
,,,,,
,Attivazione,,,Compresa nell’AzM utilizzata per il volo.,
,,,,,
,,,,,
Movimento,,,,"Passo 6 Q, Corsa 12 Q, Scatto 18 Q prima dei modificatori. Ogni Q verticale costa quanto",
,,,,uno orizzontale.,
,,,,,
,,,,,
Controllo,,,,Pilotare al posto di Atletica: nessuna Prova al Passo in condizioni ordinarie; −2 VA in,
,,,,Corsa; −4 VA in Scatto.,
,,,,,
,,,,,
,Sospensione,,,Rimanere fermi in aria richiede comunque l’AzM.,
,,,,,
,,,,,
,Autonomia,,,"20 Round, pari a due minuti complessivi di funzionamento, anche non consecutivi.",
,,,,,
,,,,,
Consumo,,,,"Un’unità di autonomia per ogni Round di utilizzo, anche in sospensione e indipendentemente",
,,,,dalla distanza.,
,,,,,
