Catalogo,Paragrafo,Modello,Categoria,AR,AR magica,FOR,PI,MOV,Supporti,Qualità,PS INT,REP,Costo
Bauhaus,§7.11.5,Armatura della Milizia Ducale,Leggera,1,,3,6,,,Comune,10,CO,1.800
Bauhaus,§7.11.5,Corazza Ussara Hussar Mk I,Media,3,,5,10,,,Non comune,12,NC,5.000
Bauhaus,§7.11.5,Corazza dei Dragoni Wolfheads,Pesante,5,,7,12,,,Non comune,12,RA,12.000
Bauhaus,§7.11.5,Armatura dei Ranger Venusiani,Media,3,,5,8,,,Non comune,12,RA,8.000
Bauhaus,§7.11.5,Armatura d’assalto Blitzer,Media,3,,5,8,,,Non comune,12,RA,9.500
Bauhaus,§7.11.5,Tuta delle Étoiles Mortants,Leggera,2,,3,6,,,Non comune,12,RA,6.500
Bauhaus,§7.11.5,Armatura d’ordinanza BLEU,Leggera,2,,4,8,,,Non comune,12,NC,4.500
Bauhaus,§7.11.5,Armatura dell’Artillery Korps,Media,3,,5,8,,,Non comune,12,NC,6.500
Bauhaus,§7.11.5,Armatura da cavalleria Vorreiter,Leggera,2,,4,8,,,Non comune,12,RA,5.000
Bauhaus,§7.11.5,Abito protettivo dell’Agente Bauhaus,Leggera,2,,3,6,,,Non comune,12,RA,6.000
Bauhaus,§7.11.5,Armatura da equipaggio dei Dragoni,Leggera,2,,4,8,,,Non comune,12,NC,5.500
Bauhaus,§7.11.5,Armatura dei Jungle Kommandos,Leggera,2,,4,8,,,Non comune,12,RA,6.500
Bauhaus,§7.11.5,Corazza delle Guardie Ducali,Pesante,5,,7,12,,,Non comune,12,RA,12.500
Bauhaus,§7.11.6,Juggernaut XO-102 Steel Strider,,6,0,3,16,−1,1 arma pesante,Rara,14,MR,45.000
Bauhaus,§7.11.6,Vulkan,,7,0,4,20,−2,2 armi pesanti,Rara,14,MR,90.000
Alleanza,§7.11.7,Divisa d’ordinanza ASA,Leggera,2,0,3,6,,,Non comune,12,RA,4.000
Alleanza,§7.11.7,Divisa operativa ASA,Leggera,3,0,4,8,,,Non comune,12,RA,7.000
Alleanza,§7.11.7,Armatura Marte,Pesante,6,1,7,12,,,Rara,14,MR,20.000
Alleanza,§7.11.7,Armatura Vulcano,Media,4,1,5,10,,,Rara,14,MR,17.500
Alleanza,§7.11.7,Armatura Mercurio,Media,4,1,5,8,,,Rara,14,MR,16.500
Capitol,§7.13.1,Armatura Freedom Brigades,Leggera,1,,3,6,,,Comune,10,CO,1.600
Capitol,§7.13.1,Corazza Tortoise Mk I,Media,3,,5,8,,,Comune,10,NC,4.000
Capitol,§7.13.1,Corazza Tortoise Mk II,Pesante,5,,7,10,,,Non comune,12,RA,11.000
Capitol,§7.13.1,Armatura Rangers,Media,3,,5,8,,,Non comune,12,RA,7.000
Capitol,§7.13.1,Armatura Airborne Rangers,Leggera,2,,4,8,,,Non comune,12,RA,6.000
Capitol,§7.13.1,Corazza Free Marines,Media,3,,5,10,,,Non comune,12,RA,9.000
Capitol,§7.13.1,Predator Martian Banshees,Media,3,,5,8,,,Non comune,12,RA,9.500
Capitol,§7.13.1,Panther Sea Lions,Leggera,2,,4,8,,,Non comune,12,RA,7.000
Capitol,§7.13.1,Survivor Desert Scorpions,Media,3,,5,8,,,Non comune,12,RA,8.500
Capitol,§7.13.1,Corazza Sunset Strikers,Media,3,,5,8,,,Non comune,12,RA,8.000
Capitol,§7.13.1,Sea Devil,Media,3,,5,8,,,Non comune,12,RA,11.000
Capitol,§7.13.1,Divisa CSS,Leggera,2,,3,6,,,Comune,10,NC,3.500
Capitol,§7.13.1,Abito Agente Capitol,Leggera,2,,3,6,,,Non comune,12,RA,5.500
Capitol,§7.13.1,Alpha Force,Media,3,,5,8,,,Non comune,12,RA,8.500
Capitol,§7.13.1,Tuta pilota Capitol,Leggera,1,,3,6,,,Non comune,12,NC,3.500
Imperial,§7.14.1,Abito protettivo degli Agenti ISC,Leggera,2,,3,6,,,Non comune,12,RA,3.500
Imperial,§7.14.1,Corazza da trincea Trencher,Media,3,,5,10,,,Non comune,12,NC,5.000
Imperial,§7.14.1,Armatura d’assalto Stormtrencher,Media,3,,5,8,,,Non comune,12,RA,8.500
Imperial,§7.14.1,Tenuta operativa Grey Ghost,Leggera,2,,3,6,,,Non comune,12,RA,6.500
Imperial,§7.14.1,Corazza pesante Blood Beret,Pesante,5,,7,12,,,Rara,14,RA,12.500
Imperial,§7.14.1,Corazza degli Highland Clan Warriors,Media,3,,5,10,,,Non comune,12,NC,7.500
Imperial,§7.14.1,Mk.IV Felis Pattern dei Golden Lions,Pesante servoassistita,5,,5 / 7,12,,,Rara,14,MR,22.000
Imperial,§7.14.1,Armatura da incursione Wolfbane,Leggera,3,,3,6,,,Non comune,12,RA,7.500
Imperial,§7.14.1,Armatura d’assalto Headhunter,Leggera,3,,4,8,,,Non comune,12,RA,8.500
Imperial,§7.14.1,Tenuta da ricognizione Pathfinder,Leggera,2,,3,6,,,Non comune,12,RA,7.000
Imperial,§7.14.1,Armatura da cavalleria Fenris,Leggera,3,,4,8,,,Non comune,12,RA,8.500
Imperial,§7.14.1,Corazza dei Life Dragoons,Media,3,,5,10,,,Non comune,12,RA,8.000
Imperial,§7.14.1,Tenuta delle Mourning Wolves,Leggera,3,,3,6,,,Non comune,12,RA,7.500
Cybertronic,§7.15.2,Divisa della Sicurezza,Leggera,2,,4,8,,,Non comune,12,NC,4.500
Cybertronic,§7.15.2,Abito degli Agenti IES,Leggera,2,,3,6,,,Non comune,12,RA,6.500
Cybertronic,§7.15.2,Corazza Chasseur,Media,3,,5,10,,,Non comune,12,NC,6.500
Cybertronic,§7.15.2,IA3000 Chasseur corazzato,Pesante,5,,7,12,,,Rara,14,RA,15.000
Cybertronic,§7.15.2,IA3000 Mirrorman,Media,3,,5,8,,,Rara,14,MR,10.000
Cybertronic,§7.15.2,IA3000 Shock Trooper,Media,3,,5,10,,,Rara,14,RA,11.500
Cybertronic,§7.15.2,IA3000 Silent,Media,3,,5,8,,,Rara,14,MR,11.000
Cybertronic,§7.15.2,IA3000 Reaver,Media,4,,6,10,,,Rara,14,MR,14.000
Cybertronic,§7.15.2,Tuta Dr. Diana,Leggera,2,,3,6,,,Non comune,12,RA,6.500
Mishima,§7.16.1,Armatura Ashigaru,Leggera,1,0,3,6,,,Comune,10,NC,1.800
Mishima,§7.16.1,Corazza Samurai Bushido,Media,3,0,5,8,,,Non comune,12,NC,5.500
Mishima,§7.16.1,Corazza Samurai Ronin,Media,3,0,5,8,,,Non comune,12,NC,5.500
Mishima,§7.16.1,Corazza Hatamoto,Pesante,5,0,7,12,,,Rara,14,RA,13.500
Mishima,§7.16.1,Armatura dei Draghi Tigre,Media,3,0,5,8,,,Non comune,12,RA,9.500
Mishima,§7.16.1,Corazza dei Diavoli Scarlatti,Media,4,0,6,10,,,Non comune,12,RA,10.500
Mishima,§7.16.1,Tuta delle Ombre,Leggera,2,0,3,6,,,Non comune,12,RA,8.500
Mishima,§7.16.1,Armatura dei Portatori di Morte,Leggera,3,0,4,8,,,Rara,14,MR,11.500
Mishima,§7.16.1,Corazza dei Droni,Pesante,5,0,7,12,,,Non comune,12,RA,13.500
Mishima,§7.16.1,Powersuit,Pesante,5,0,5 / 7,12,,,Rara,14,MR,22.000
Mishima,§7.16.1,Shoa Ace Custom,Pesante,6,0,5 / 8,14,,,Rara,14,MR,34.000
Mishima,§7.16.1,Demonhunter,Pesante,6,1,5 / 8,14,,,Rara,14,MR,42.000
Fratellanza,§7.17.2,Abito protettivo del Revisore,Leggera,2,0,3,6,,,Non comune,12,RA,4.000
Fratellanza,§7.17.2,Corazza del Soldato,Media,3,0,5,8,,,Non comune,12,RA,5.500
Fratellanza,§7.17.2,Corazza del Soldato d’élite,Media,4,1,5,10,,,Rara,14,RA,11.500
Fratellanza,§7.17.2,Armatura del Pellegrino,Media,3,0,5,8,,,Non comune,12,RA,6.500
Fratellanza,§7.17.2,Armatura dell’Inquisitore,Media,4,1,5,10,,,Rara,14,MR,18.500
Fratellanza,§7.17.2,Armatura del Mistico,Media,4,1,5,10,,,Rara,14,MR,20.000
Fratellanza,§7.17.2,Corazza delle Furie,Pesante,7,2,7,12,,,Molto rara,16,MR,32.000
Fratellanza,§7.17.2,Corazza dei Sacri Guerrieri,Pesante,6,1,7,12,,,Rara,14,MR,23.000
Fratellanza,§7.17.2,Armatura delle Valchirie,Media,4,1,5,8,,,Rara,14,MR,17.500
Fratellanza,§7.17.2,Tuta del Mortificator,Leggera,3,1,4,8,,,Rara,14,MR,15.500
Fratellanza,§7.17.2,Corazza del Custode dell’Arte,Pesante,6,2,7,12,,,Molto rara,16,MR,34.000
Fratellanza,§7.17.2,Corazza degli Arcivescovi,Pesante,6,1,7,12,,,Rara,14,MR,22.000
Fratellanza,§7.17.2,Armatura della Sentinella,Media,4,1,5,8,,,Rara,14,MR,16.000
Fratellanza,§7.17.2,Tuta da volo dell’Arcangelo,Leggera,2,0,3,6,,,Non comune,12,RA,6.500
