# pagina 67, tabella 2: Modello | AR | AR | FOR pilota | PI | MOV | Supporti
,,,,,,,,,,,,,,,,,,,,,,,,,,,,,
Modello,,,AR,,,,AR,,,,,FOR pilota,,,,PI,,,MOV,,,,,Supporti,,,,,
,,,,,,,magica,,,,,,,,,,,,,,,,,,,,,,
,,,,,,,,,,,,,,,,,,,,,,,,,,,,,
,,,,,,,,,,,,,,,,,,,,,,,,,,,,,
,Juggernaut XO-102 Steel Strider,,,6,,,0,,,,,,3,,,,16,,,−1,,,,,1 arma pesante,,,,
,,,,,,,,,,,,,,,,,,,,,,,,,,,,,
,,,,,,,,,,,,,,,,,,,,,,,,,,,,,
,Vulkan,,,7,,,0,,,,,,4,,,,20,,,−2,,,,,2 armi pesanti,,,,
,,,,,,,,,,,,,,,,,,,,,,,,,,,,,
,,,,,,,,,,,,,,,,,,,,,,,,,,,,,
,Modello,,,,,,,,,Qualità,,,,,,PS INT,,,,,,REP,,,,,,Costo,
,,,,,,,,,,,,,,,,,,,,,,,,,,,,,
,,,,,,,,,,,,,,,,,,,,,,,,,,,,,
,Juggernaut XO-102 Steel Strider,,,,,,,,,Rara,,,,,,14,,,,,,MR,,,,,,45.000,
,,,,,,,,,,,,,,,,,,,,,,,,,,,,,
,,,,,,,,,,,,,,,,,,,,,,,,,,,,,
,Vulkan,,,,,,,,,Rara,,,,,,14,,,,,,MR,,,,,,90.000,
,,,,,,,,,,,,,,,,,,,,,,,,,,,,,
